<?xml version="1.0" encoding="UTF-8"?>
    <addon id="repository.ll" name="ll repo" version="0.0.1" provider-name="ll">
        <requires>
            <import addon="xbmc.addon" version="12.0.0"/>
        </requires>
        <extension point="xbmc.addon.repository" name="ll repo">
            <info compressed="false">https://larsenlouis.github.io/kodi-repo/_repo/_repo/addons.xml</info>
            <checksum>https://larsenlouis.github.io/kodi-repo/_repo/_repo/addons.xml.md5</checksum>
            <datadir zip="true">https://larsenlouis.github.io/kodi-repo/_repo/_repo/</datadir>
            <hashes>false</hashes>
        </extension>
        <extension point="xbmc.addon.metadata">
            <summary></summary>
            <description></description>
            <platform>all</platform>
    </extension>
</addon>